[
  {
    "Id": 1,
    "Nombre": "Claudette Davis",
    "Altura": 5,
    "Edad": 23
  },
  {
    "Id": 2,
    "Nombre": "Natasha Blair",
    "Altura": 5,
    "Edad": 24
  },
  {
    "Id": 3,
    "Nombre": "Susana Giles",
    "Altura": 5,
    "Edad": 21
  },
  {
    "Id": 4,
    "Nombre": "Navarro Lamb",
    "Altura": 5,
    "Edad": 17
  },
  {
    "Id": 5,
    "Nombre": "Briana Terry",
    "Altura": 5,
    "Edad": 20
  },
  {
    "Id": 6,
    "Nombre": "Kathleen Leon",
    "Altura": 5,
    "Edad": 26
  },
  {
    "Id": 7,
    "Nombre": "Serrano Harmon",
    "Altura": 5,
    "Edad": 24
  },
  {
    "Id": 8,
    "Nombre": "Lawanda Cotton",
    "Altura": 5,
    "Edad": 15
  },
  {
    "Id": 9,
    "Nombre": "Dina Peck",
    "Altura": 5,
    "Edad": 24
  },
  {
    "Id": 10,
    "Nombre": "Grace Benson",
    "Altura": 5,
    "Edad": 25
  },
  {
    "Id": 11,
    "Nombre": "Alberta Brady",
    "Altura": 5,
    "Edad": 19
  },
  {
    "Id": 12,
    "Nombre": "Wilkinson Burt",
    "Altura": 5,
    "Edad": 16
  },
  {
    "Id": 13,
    "Nombre": "Elena Leblanc",
    "Altura": 5,
    "Edad": 21
  },
  {
    "Id": 14,
    "Nombre": "Beasley Dodson",
    "Altura": 5,
    "Edad": 24
  },
  {
    "Id": 15,
    "Nombre": "Leann Castro",
    "Altura": 5,
    "Edad": 18
  },
  {
    "Id": 16,
    "Nombre": "Jenny Patrick",
    "Altura": 5,
    "Edad": 30
  },
  {
    "Id": 17,
    "Nombre": "Marianne Blackwell",
    "Altura": 5,
    "Edad": 30
  },
  {
    "Id": 18,
    "Nombre": "Burris Dunlap",
    "Altura": 5,
    "Edad": 30
  },
  {
    "Id": 19,
    "Nombre": "Rice Day",
    "Altura": 5,
    "Edad": 30
  },
  {
    "Id": 20,
    "Nombre": "Mckee Finley",
    "Altura": 5,
    "Edad": 18
  },
  {
    "Id": 21,
    "Nombre": "Oneil Mcmillan",
    "Altura": 5,
    "Edad": 15
  },
  {
    "Id": 22,
    "Nombre": "Pollard Frank",
    "Altura": 5,
    "Edad": 15
  },
  {
    "Id": 23,
    "Nombre": "Ava Galloway",
    "Altura": 5,
    "Edad": 18
  },
  {
    "Id": 24,
    "Nombre": "Wallace Best",
    "Altura": 5,
    "Edad": 30
  },
  {
    "Id": 25,
    "Nombre": "Mccormick Kane",
    "Altura": 5,
    "Edad": 21
  },
  {
    "Id": 26,
    "Nombre": "Carmella Blackburn",
    "Altura": 5,
    "Edad": 21
  },
  {
    "Id": 27,
    "Nombre": "Toni Christensen",
    "Altura": 5,
    "Edad": 24
  },
  {
    "Id": 28,
    "Nombre": "Sharlene Gibbs",
    "Altura": 5,
    "Edad": 29
  },
  {
    "Id": 29,
    "Nombre": "Margret Holland",
    "Altura": 5,
    "Edad": 22
  },
  {
    "Id": 30,
    "Nombre": "Nixon Travis",
    "Altura": 5,
    "Edad": 30
  },
  {
    "Id": 31,
    "Nombre": "Rowe Hart",
    "Altura": 5,
    "Edad": 22
  },
  {
    "Id": 32,
    "Nombre": "Wilkerson Dillard",
    "Altura": 5,
    "Edad": 24
  },
  {
    "Id": 33,
    "Nombre": "Kristen Fleming",
    "Altura": 5,
    "Edad": 27
  },
  {
    "Id": 34,
    "Nombre": "Selma Glenn",
    "Altura": 5,
    "Edad": 19
  },
  {
    "Id": 35,
    "Nombre": "Barber Turner",
    "Altura": 5,
    "Edad": 28
  },
  {
    "Id": 36,
    "Nombre": "Jeannie Cardenas",
    "Altura": 5,
    "Edad": 30
  },
  {
    "Id": 37,
    "Nombre": "Giles Golden",
    "Altura": 5,
    "Edad": 29
  },
  {
    "Id": 38,
    "Nombre": "Hensley Robles",
    "Altura": 5,
    "Edad": 24
  },
  {
    "Id": 39,
    "Nombre": "Carrie Wheeler",
    "Altura": 5,
    "Edad": 17
  },
  {
    "Id": 40,
    "Nombre": "Aurora Rivera",
    "Altura": 5,
    "Edad": 27
  },
  {
    "Id": 41,
    "Nombre": "Leblanc Castillo",
    "Altura": 5,
    "Edad": 24
  },
  {
    "Id": 42,
    "Nombre": "Tina Hubbard",
    "Altura": 5,
    "Edad": 18
  },
  {
    "Id": 43,
    "Nombre": "Flowers Marshall",
    "Altura": 5,
    "Edad": 16
  },
  {
    "Id": 44,
    "Nombre": "Estella Marks",
    "Altura": 5,
    "Edad": 27
  },
  {
    "Id": 45,
    "Nombre": "Corine Solis",
    "Altura": 5,
    "Edad": 30
  },
  {
    "Id": 46,
    "Nombre": "Tricia Dunn",
    "Altura": 5,
    "Edad": 15
  },
  {
    "Id": 47,
    "Nombre": "Lloyd Marsh",
    "Altura": 5,
    "Edad": 22
  },
  {
    "Id": 48,
    "Nombre": "Ashlee Woodward",
    "Altura": 5,
    "Edad": 15
  },
  {
    "Id": 49,
    "Nombre": "Peck Singleton",
    "Altura": 5,
    "Edad": 18
  },
  {
    "Id": 50,
    "Nombre": "Garrett Pena",
    "Altura": 5,
    "Edad": 15
  },
  {
    "Id": 51,
    "Nombre": "Mercer Kelley",
    "Altura": 5,
    "Edad": 15
  },
  {
    "Id": 52,
    "Nombre": "Gilmore Nash",
    "Altura": 5,
    "Edad": 29
  },
  {
    "Id": 53,
    "Nombre": "Nichole Hinton",
    "Altura": 5,
    "Edad": 16
  },
  {
    "Id": 54,
    "Nombre": "Adkins Myers",
    "Altura": 5,
    "Edad": 28
  },
  {
    "Id": 55,
    "Nombre": "Duncan Drake",
    "Altura": 5,
    "Edad": 30
  },
  {
    "Id": 56,
    "Nombre": "David Barber",
    "Altura": 5,
    "Edad": 21
  },
  {
    "Id": 57,
    "Nombre": "Conner Mcdaniel",
    "Altura": 5,
    "Edad": 20
  },
  {
    "Id": 58,
    "Nombre": "Kaye Parrish",
    "Altura": 5,
    "Edad": 27
  },
  {
    "Id": 59,
    "Nombre": "Melissa Santos",
    "Altura": 5,
    "Edad": 20
  },
  {
    "Id": 60,
    "Nombre": "Young Long",
    "Altura": 5,
    "Edad": 17
  },
  {
    "Id": 61,
    "Nombre": "Naomi Frye",
    "Altura": 5,
    "Edad": 29
  },
  {
    "Id": 62,
    "Nombre": "Claire Buck",
    "Altura": 5,
    "Edad": 23
  },
  {
    "Id": 63,
    "Nombre": "Perkins Webster",
    "Altura": 5,
    "Edad": 29
  },
  {
    "Id": 64,
    "Nombre": "Jessie Gaines",
    "Altura": 5,
    "Edad": 22
  },
  {
    "Id": 65,
    "Nombre": "Manuela Spencer",
    "Altura": 5,
    "Edad": 21
  },
  {
    "Id": 66,
    "Nombre": "April Cleveland",
    "Altura": 5,
    "Edad": 21
  },
  {
    "Id": 67,
    "Nombre": "Beth Sanford",
    "Altura": 5,
    "Edad": 19
  },
  {
    "Id": 68,
    "Nombre": "Dale Carroll",
    "Altura": 5,
    "Edad": 25
  },
  {
    "Id": 69,
    "Nombre": "Mccarthy Ashley",
    "Altura": 5,
    "Edad": 22
  },
  {
    "Id": 70,
    "Nombre": "Hope Massey",
    "Altura": 5,
    "Edad": 26
  },
  {
    "Id": 71,
    "Nombre": "Robert Holden",
    "Altura": 5,
    "Edad": 20
  },
  {
    "Id": 72,
    "Nombre": "Angelita Mcleod",
    "Altura": 5,
    "Edad": 29
  },
  {
    "Id": 73,
    "Nombre": "Peters Hendricks",
    "Altura": 5,
    "Edad": 23
  },
  {
    "Id": 74,
    "Nombre": "Ophelia Ford",
    "Altura": 5,
    "Edad": 22
  },
  {
    "Id": 75,
    "Nombre": "Brooke Wiggins",
    "Altura": 5,
    "Edad": 24
  },
  {
    "Id": 76,
    "Nombre": "Genevieve Sawyer",
    "Altura": 5,
    "Edad": 29
  },
  {
    "Id": 77,
    "Nombre": "Laverne Hardin",
    "Altura": 5,
    "Edad": 29
  },
  {
    "Id": 78,
    "Nombre": "Wolfe Valdez",
    "Altura": 5,
    "Edad": 26
  },
  {
    "Id": 79,
    "Nombre": "Alba Gilbert",
    "Altura": 5,
    "Edad": 16
  },
  {
    "Id": 80,
    "Nombre": "Kelsey Holder",
    "Altura": 5,
    "Edad": 21
  },
  {
    "Id": 81,
    "Nombre": "Shaffer Bowman",
    "Altura": 5,
    "Edad": 16
  },
  {
    "Id": 82,
    "Nombre": "Rhoda Rogers",
    "Altura": 5,
    "Edad": 27
  },
  {
    "Id": 83,
    "Nombre": "Dee Patel",
    "Altura": 5,
    "Edad": 15
  },
  {
    "Id": 84,
    "Nombre": "Candy Dixon",
    "Altura": 5,
    "Edad": 19
  },
  {
    "Id": 85,
    "Nombre": "Marie Delaney",
    "Altura": 5,
    "Edad": 16
  },
  {
    "Id": 86,
    "Nombre": "Bryant Bruce",
    "Altura": 5,
    "Edad": 22
  },
  {
    "Id": 87,
    "Nombre": "Bette Mathis",
    "Altura": 5,
    "Edad": 16
  },
  {
    "Id": 88,
    "Nombre": "Roth Roach",
    "Altura": 5,
    "Edad": 19
  },
  {
    "Id": 89,
    "Nombre": "Zimmerman Chang",
    "Altura": 5,
    "Edad": 18
  },
  {
    "Id": 90,
    "Nombre": "Morrow Sargent",
    "Altura": 5,
    "Edad": 24
  },
  {
    "Id": 91,
    "Nombre": "Hannah Levine",
    "Altura": 5,
    "Edad": 18
  },
  {
    "Id": 92,
    "Nombre": "Alford Hatfield",
    "Altura": 5,
    "Edad": 23
  },
  {
    "Id": 93,
    "Nombre": "Warner Gentry",
    "Altura": 5,
    "Edad": 20
  },
  {
    "Id": 94,
    "Nombre": "Mcintyre Fletcher",
    "Altura": 5,
    "Edad": 27
  },
  {
    "Id": 95,
    "Nombre": "Nellie Cain",
    "Altura": 5,
    "Edad": 18
  },
  {
    "Id": 96,
    "Nombre": "Madge Byers",
    "Altura": 5,
    "Edad": 24
  },
  {
    "Id": 97,
    "Nombre": "Maryanne Beach",
    "Altura": 5,
    "Edad": 16
  },
  {
    "Id": 98,
    "Nombre": "Raymond Faulkner",
    "Altura": 5,
    "Edad": 17
  },
  {
    "Id": 99,
    "Nombre": "Potter Sweet",
    "Altura": 5,
    "Edad": 26
  }
]